{"cameraMode":{"drawMode":0,"name":"Shaded","section":"Shading Mode"},"sceneLighting":false,"audioPlay":false,"sceneViewState":{"m_AlwaysRefresh":false,"showFog":true,"showSkybox":false,"showFlares":true,"showImageEffects":true,"showParticleSystems":true,"showVisualEffectGraphs":true,"m_FxEnabled":true},"in2DMode":false,"pivot":{"x":-2.2960190773010256,"y":-2.333339214324951,"z":1.235945224761963},"rotation":{"x":0.15514464676380158,"y":-0.08140852302312851,"z":0.01282814797013998,"w":0.9844464659690857},"size":3.5158700942993166,"orthographic":false}